{
    "P": [
        [
            -29.834383580306486,
            7.511975044033303,
            -2.7340505408968676,
            1185.438657912447
        ],
        [
            -6.142598355392343,
            2.527792930534748,
            -24.16193751173281,
            360.07706059846794
        ],
        [
            -0.017062732593564476,
            0.027771177586474995,
            -0.01010762688547484,
            0.42288313653244486
        ]
    ],
    "K": [
        [
            640.0013055166573,
            -0.0025336824259418046,
            640.0018311652467
        ],
        [
            0.0,
            -640.0030144904993,
            359.9957165672899
        ],
        [
            0.0,
            0.0,
            1.0
        ]
    ],
    "R": [
        [
            -0.8660243992235432,
            -0.46984774665758106,
            0.1710112128203717
        ],
        [
            4.015909914146754e-06,
            0.34201469918916577,
            0.9396946022631061
        ],
        [
            -0.500001739930346,
            0.8137991401441378,
            -0.2961911875246941
        ]
    ],
    "t": [
        42.470006502983246,
        12.849938223413723,
        5.450012087596471
    ]
}