{
    "P": [
        [
            -19.48240812158155,
            -0.3052161119311809,
            -5.1927907637247275,
            1143.2192653251955
        ],
        [
            -1.5808674617636234,
            1.7115576010151174,
            -16.19293592206179,
            148.43526404242112
        ],
        [
            -0.014395680236306323,
            0.014979433082488273,
            -0.008046432889402433,
            0.6372885601956626
        ]
    ],
    "K": [
        [
            639.9995980374548,
            -0.0016490990669774232,
            640.0019482057955
        ],
        [
            0.0,
            -640.000209539035,
            360.00023897853475
        ],
        [
            0.0,
            0.0,
            1.0
        ]
    ],
    "R": [
        [
            -0.7202027593739145,
            -0.6937570762628592,
            -0.0030173706117463343
        ],
        [
            -0.2525880901637001,
            0.2581608953503148,
            0.9324978331446021
        ],
        [
            -0.6461480032451185,
            0.6723496644210758,
            -0.36116296412452487
        ]
    ],
    "t": [
        57.059991830012585,
        15.079995604076613,
        5.1899952605127835
    ]
}