{
    "P": [
        [
            20.135766291541092,
            -9.516994542093382e-05,
            -3.550638577325093,
            -279.5771938641542
        ],
        [
            3.017339725650123,
            -3.1526260406501803,
            -16.003817376518583,
            218.85916984173477
        ],
        [
            0.015249347934819019,
            -0.01573111768890606,
            -0.00550566960735871,
            0.703331632524736
        ]
    ],
    "K": [
        [
            639.9978374501211,
            -0.0012805594244474385,
            640.0013301032126
        ],
        [
            0.0,
            -639.9965730679747,
            360.0043479877344
        ],
        [
            0.0,
            0.0,
            1.0
        ]
    ],
    "R": [
        [
            0.7176883512328359,
            0.6963619385503155,
            -0.0018657553805883401
        ],
        [
            0.17101516153781943,
            -0.17365408748279013,
            0.9698443547418899
        ],
        [
            0.6750386989120603,
            -0.696365068364982,
            -0.2437179651403374
        ]
    ],
    "t": [
        14.800055271923883,
        57.23995076275494,
        5.189999564553982
    ]
}