{
    "P": [
        [
            0.0016432663579471726,
            6.954807696102341,
            1.113448339104309,
            -401.4607655694954
        ],
        [
            1.0103454089472357,
            1.1236707266619848,
            5.510850626064884,
            -149.3779028667505
        ],
        [
            0.005405916358518089,
            0.0052687561788950475,
            0.001890590186136968,
            -0.6137439490199788
        ]
    ],
    "K": [
        [
            639.9996880715345,
            -0.00045312855346736744,
            639.9998173839188
        ],
        [
            -0.0,
            -639.9996014210108,
            360.0008308239536
        ],
        [
            -0.0,
            -0.0,
            1.0
        ]
    ],
    "R": [
        [
            0.6943477723611824,
            -0.7193785467004035,
            0.019382403470132686
        ],
        [
            -0.18789371854831566,
            -0.155225146123032,
            0.9698459179380863
        ],
        [
            -0.6946777105587525,
            -0.6770521845163036,
            -0.24294694460838828
        ]
    ],
    "t": [
        56.27999093865325,
        56.88000455465839,
        5.189993033116088
    ]
}