{
    "P": [
        [
            -0.02449457092921784,
            -14.047900522431332,
            14.048176037731377,
            76.17975069345431
        ],
        [
            14.034042396063144,
            -2.8249070935417865e-05,
            7.926781576385313,
            -748.0912213344106
        ],
        [
            -3.8278797666645215e-05,
            -7.483387404260151e-08,
            0.021950318160265568,
            -0.6711607814240096
        ]
    ],
    "K": [
        [
            639.9830364869034,
            -0.00023324304587020756,
            640.0009248545573
        ],
        [
            -0.0,
            -639.9826624728055,
            360.00771158968314
        ],
        [
            -0.0,
            -0.0,
            1.0
        ]
    ],
    "R": [
        [
            8.71862298293453e-08,
            0.9999999999941843,
            3.4093907377473665e-06
        ],
        [
            0.9999984794386331,
            -9.313166858092463e-08,
            0.0017438808483289786
        ],
        [
            0.0017438808486363588,
            3.409233511163088e-06,
            -0.9999984794328254
        ]
    ],
    "t": [
        35.999714394021254,
        35.999946606387425,
        30.639259819033455
    ]
}