{
    "P": [
        [
            -12.64573584369176,
            11.883042894443676,
            -4.325019171738964,
            328.6502686144675
        ],
        [
            -6.550146102394391e-06,
            2.359142721883165,
            -14.315916721577153,
            47.70708606473769
        ],
        [
            -5.663916260759931e-08,
            0.018567287562318322,
            -0.006757843134487688,
            -0.20175676674422183
        ]
    ],
    "K": [
        [
            640.0014261088123,
            0.000355074079228949,
            640.0008214212476
        ],
        [
            0.0,
            -640.0024457178912,
            359.99759433232225
        ],
        [
            0.0,
            0.0,
            1.0
        ]
    ],
    "R": [
        [
            -0.9999999999952927,
            -3.067963081282821e-06,
            -4.803161999501441e-08
        ],
        [
            -1.0944269258573195e-06,
            0.34201581423816696,
            0.9396941964329705
        ],
        [
            -2.8665195287303073e-06,
            0.9396941964285994,
            -0.34201581423991434
        ]
    ],
    "t": [
        36.20000036803936,
        12.849968944026097,
        5.4500009449324835
    ]
}